20260719215811	greenfield_foundation	8d42a67f778c51b790422c5b7006572e	05c9fb467e0f405485a88607613d09c3
20260720075453	identity_domain	c1722502401cd06f69e8f2e3beb613b1	7c88e54ea0605dcc60c3fcbbb5f9afea
20260720081817	identity_null_validation	bee2ba960611f6dcf5b467bb4d5ae54b	3d425f9ba6e907c3f037d9bbb9cc8f76
20260720095330	football_catalog	7e91fcfaadebd7d15dd01e8b18b527ca	74720ea8ba1cef79d18ebd232117e853
20260720095345	football_match_ingestion	ab3be4f0a1f784fd64335408c9952e28	d032174ade70f33e051c8bdca8d8fa0b
20260720095354	football_api_security	1df7467a90d280698d284c47be3e69d8	7e3127eaeb2ca8e161bec1506acb65d0
20260720104000	football_index_hardening	7c632f386daf7d7569f0718523150b49	1db623aaf0b31ddb7917def86a3139f8
20260720110053	news_editorial_catalog	36e51807c6ee7dcf0558ef5a4018a7b2	e98602599ddcc293bae8ac31527341af
20260720110102	news_search_ingestion	657fd7e8ee15b5da1d85a560f1391185	3d184676d9796a1b2db8170c0b168740
20260720110107	news_api_security	f0b2d4619e030ce2882f9f303c2f6482	04e26f857c0d8db90b3973b74483dd74
20260720110113	news_storage_index_hardening	de835eea7be59b54abfa29902cbe2be3	fe0ce4703a551b61f298829ef046f2a0
20260720114217	news_advisor_index_hardening	952ae5ea1b471bdee517b048fa5c1b83	b85e805cdfcb83a23edd70433856fe86
20260720121725	notification_catalog	1fcff7581357b07ff5c0c4b8ba5a4ae5	f9e8add38f847a3b9e4a299806d37d5d
20260720121727	notification_delivery_runtime	befd4948894bd4bdc8f5d8ea1a538bfc	a7b899353b29baa11a8c06c4a358f289
20260720121729	notification_api_security	44cc9470619c03f51feb23cc640bcc40	b5f90b4812b72ddcd0a4818b3fe8b0bc
20260720121731	notification_index_hardening	6181291c18df8362ac035d2e7a9221ac	c14aa8eb3218e50b00a9dbf14a02ff47
20260720132048	notification_fanout_resume	a692f9606e11bbc8e97a23c12c30e12f	0c6e1725ad187bf6192f7abd2e2a17c4
20260720141826	fantasy_catalog_rules	a8b675d1a0dbcf55b13260900c95b14f	e802b3e8607dfee6a947348d16f10c76
20260720141847	fantasy_teams_transfers_chips	4ad405f8ea1647ca295881288817c4b5	8e23ce2c0d52fc45c2c2011d7d727c04
20260720141850	fantasy_scoring_leagues_operations	7e50284b3c526f06966c70dbb42909cb	19797a8d4b4f39cacf2ba3d6884cb404
20260720141854	fantasy_api_security	abea000fc3617ae3ed96213faf1ccc25	0c05492388fe4517950bcc62ffdd32e6
20260720144832	fantasy_position_seed	525097c7b760e30bead8689686304f45	bc7bec8798f6ea5b849bec6774e71935
20260720163222	fantasy_ruleset_v1	37efc048c3f516df6351b908b11ba2d5	a8ab1f5c2ed043395c20b01e26c6796b
20260720173500	fantasy_route_read_contracts	a5ac6742b21e2b10423e1cd677f8c535	a03c5f3ccaef188757018340b9b1dd39
20260720174500	fantasy_index_hardening	59d70f863ba40d3ed5830f4b482db5a0	c157786cfc55172ce94f529a8891ed88
20260720183645	fantasy_ruleset_v1_index_hardening	acc330756c37c2a7e82f70f72886093b	6cce734d3e83620a6164aec5a3be62c5
20260720184632	fantasy_standings_keyset_hardening	05d72c7d3532cb279ff3424fd0e18874	1b62261a4c919248a71f4902e04c52e3
20260720191839	fantasy_standings_rpc_pagination	00fa7055c1c8a87185406eb21f244ed2	335bab8caa035b32691806a18fd1bf8f
20260722205230	fantasy_team_fk_index_hardening	22a4e121cc3e1e8e1159b5bfb55dbc01	a7831d7b90c6b865a8cca61c380542c8
20260724143000	phase65_football_team_catalog	22099ffdb723ad46f9246c16ed3347e5	ae81a77e18ce2fb8b2d1ae7d4cfa61ea
20260724143100	admin_authorization_foundation	3b8ba0dc009e4db09a9719c145ee405f	ad00695e2cc67783644d08870631a808
20260724170941	admin_revocation_dead_letter_status	5ba85e3436d53b042ef8b9bb0c9c401a	e9bb1c9c04ba5afda24c8729ddf9c90f
20260724172623	admin_control_plane_runtime_v2	23bb2b377cba37d76618a5d0a4a07d72	1d29fb064b37d7ec97bd3d84c0c28bfb
20260724185438	admin_security_operations	a580df6ca78a7f351b6d7cfebd84768f	9f3c94d1dc0e7606c0fbac6397509309
20260724225105	admin_activation_operations	7b3d5f128b887ee077828b54e173d91a	3f49e48be07feec71cee358acf6571ec
20260731180229	gate2b_football_catalog_ingestion	ebf11a7272b48e312d99881d5fb90094	fe218cf376a8c209da71354e104bcbef
20260731203317	gate3b_historical_squads_standings	388130a15465069f2773090f0e9b684f	fa1463bf129609389ee54612a66b1a95
20260801010000	gnews_article_ingestion	adaaaeec6d73e68d60babc2303d329fc	f01d9d78427a401e920acc6b3b677cbc
20260801010100	player_season_ratings	c9a7da733b2d262773715e6f10c9fe8b	3d2fef49e7fb033f8eaca7bd40ef5040
20260801010200	sportsmonks_team_crests	a1a975eca09425413e7725bf44fae79a	82384c7af20cc2405dd849cf20abe4fc
20260802010000	historical_player_performance_job	8b887a9b156320f9962b05d9e8566ef3	4281b00a9f1029d98aac102d0aabc356
20260802010100	historical_player_performances	8a61d2025422aa372ad44e7c137e48ed	0dd48b2f75f597c1904465273bbc252a
20260802010200	historical_performance_mapping_quarantine	7c5e394ffcd8251fbcb40444410d0827	a48a0ebe049afd36df0ff60bcfb7b9e4
20260802090000	football_season_browser	07e65e7be18d7574d90f62d3bf957eac	79e14fd5c69c4585eb1b18765e2992a1
20260803173344	fantasy_preactivation_hardening	1923eb1602742401f60f40b30ec667d1	e1fbe3eab85233f8e7c77a3d3f68658e
20260803210943	fantasy_catalog_activation	e301a9cbad6b35294b299985cd7545e9	ffd64b20118ae76183da8c08c2933576
20260803212218	elbotola_metadata_ingestion	1b903d479ed4df6d0895e2ffb96f1863	180946333d2a4ea8ddfd40be54cbda58
20260914184657	current_season_squad_recovery	689ae3c41670ac9779b32ad1a7168ca3	12db137054865f9e487f559991b9d12b
20260914185233	elbotola_service_source_controls	45bcbe4db581eabf9b0ba14aa7c8f947	9f5c61dd8d6b582ae4344e796478adc4
20260914200714	fantasy_trusted_lifecycle	ea84b69ed4908677058c4d017e85ac8f	2811f9d8d88aa4ec21d2fddd0602fbf4
20260914200719	fantasy_scoring_worker_contracts	32617e1546e5093a1cea8f29638a3331	4cb2a70eedbc4f00132735db3c9f056a
20260914200726	current_finished_fixture_performances	9a282d68618478fd88e6564f22f23213	f5eb88fa9e1f249904a024b77b21b3a0
20260914200730	fantasy_verified_finalization	74c20c2723240306a6a6a8e256f800ee	dc30c7f9a0499dc5ef8f3377e781e263
20260914200736	fantasy_finalized_notification_batches	4ec87f47cd4383506fbb5cddc7d333cd	c883e53d94a9e711f1ea88ae7eced992
20260914200740	fantasy_next_gameweek_progression	4e5daf83e11e6a88b401180aaa677b99	4a52a4d742f612a1e0b9a05f9d99bf9a
20260914200744	fantasy_postwork_journal	fea75335b0d9f8b41760342e0d2f63a2	7f40febf8e80dabc684a3ff0b5bfa930
20260918120000	fantasy_calendar_sync	20f7b1279361dca40b94b9b9917081fd	c3a24faf473fd8604c85a2a725172587
20260918130000	fantasy_deadline_watch	f6d2e360bcf96aa350b64034f9b5785a	79d3ecf6cb7c25cbc19317175c2ed7bb
20260918140000	fantasy_calendar_sync_unconfirmed_guard	468b632fad0a7ec719e1ce7d7c96663f	9c13a336fbfd2a0450fdc907c51c33ec
20260918150000	fantasy_rating_degeneracy_guard	d108208bc68f6b606c6f9f0a11f9ba93	39561077f848d3be000bbbb88018b347
20260918160000	season_bounds_guard	7558ae990655c19cbd24482a8d68ec1d	8679eec58fdd3333b22ede91185318a8
20260918170000	fantasy_catalog_rollback_cleanup	2099c2bed1ba8c8191c59e8af4bad629	85f73222ac22bbec0583f1a8c4ad1647
20260919120000	historical_anonymous_starter_tolerance	1cf2a809d88429c5433ecec07fbcbd84	ac5d241125ccdfe66204b1691d7d7920
20260919212409	news_editorial_admin_bridge	401468ad07df66467224c5d3d10712bf	d5bcaa321ed010be5da8da708e7007ee
20260919212452	news_editorial_mfa_enforcement	2da3daaab4384250997fb25986682964	1d57f392188df192b03863e24a70a1b6
20260919212553	news_editorial_server_side_sanitization	76dafb20b695b606751679a8ea192d26	d579d206aed30065fbcda8fa4bb2bb58
20260921111012	fantasy_leagues_anon_callable_signature	fc39bb581186a26be8c51450f8f79624	2268cb79ef05888312644436219236e5
20260921135655	news_article_detail_not_found_status	a2fe77acefe2ff1447d6fad3c8c7ef3e	dc13c0b0eba51a908d64d28b42491542
20260922131525	fantasy_player_statistics	b67f991737c38354e12b3e60af563e72	542389cf1c0e552f4efe89c3290ab826
20260922131708	news_stand_down	e6db2698c64fb5e912c2c40a51312a01	0b8c038ffbdd751a77835b95578be9d5
20260922131802	fantasy_overall_standings	6e00100aa381e88a5106d268e4601532	0bb3ad74d8f90cf6f9e3cb70bc460483
20260922131948	team_translations	979762940a506bec48bf03b3d0601d4a	4bdfe366c8f18874b1cc8f1207cbbf79
20260922132158	fantasy_points_read_surfaces	f8dd02b98a483d8687642c52a766bb20	084f39309bb2ffd307ed556036bed2e3
20260922132247	story_teams_seed	72ada2e16f3fdbfcd17010b77029b6c3	a27d546f6a1f6dbe3fec59d0c3c6a0fa
20260922220941	news_legacy_imports	62ebe6ddaa3d9a0b8a7c26a5269ce820	94bf74bacb79a7dfe35db1f44f8779e2
20260922221202	news_scheduled_publication	d04933fc0b4a652cb7c766708ae3b559	ef3195e2fa4c497f64c88638bca76a16
20260923043708	news_public_seo	b27cd65ece7765fb4db7deb4b3a3a2a9	31a50abadaaa7b986f2663ac83845e59
20260923044153	fixture_finalization_preserved	8ca6c7fa3fa707fa841b934ee73456df	13bf08ff67e48816d93fde6bdc6aa761
20260923044401	current_performance_batch_scope	08c760d2c230c2e963cd0288cece535e	803197d3b74705b84d74f22b40ea300f
20260924041012	news_licensed_syndication	fda079202c22c86355fa175dfbc46dfe	33892299b9a7ea92c2a384750cda4846
20260924130807	notification_email_types	6cb54848da87418def35e535f4568778	f575e522d40e0c1f013465087d285a77
20260924131431	notification_email_delivery	45d628dee4320c82c8f829d1d503f11d	1e92796003fbea06aa53f61752c3c6ba
20260924133723	fantasy_prizes	6ec5522a28fb5bda9002721c01044167	e4dca936bbf43ea678148a28270fc202
20260924135118	news_sitemap_licensed	01160a8b131f587cbccda42fe9a879e8	32497f87904bba12c5bd221cb40725e5
20260924141229	news_feed_indexes	21fc8b32a904555892df14657beed4b7	2748347b140df87aaee0cc976971b1f4
20260924142407	news_search_set_based	e5f90ebf578d84de57cf941f12707d73	148618e52d586199c7aca93f7c4aa231
20260924160000	admin_user_moderation_and_analytics	0f615fdbf63f05e159d2397ab8c058f7	5539d8ddc9d581cc0c048a7327519c61
20260924180000	news_story_team_tagging	874be25b05fda073fc4d1856f7291fba	f5f2189ecf22713494ea1c8ccc89206c
20260924180100	news_feed_filters_first	c57f0fbc410df1167b381697ab7dac89	837ea7f44d3be85e31d95c47d7d0b03e
20260924180200	news_story_team_backfill	10a82e63b90a9487e0a7e31bc0c72274	2735b229ee2fb8f0dc871f0c272f2cea
20260924190000	news_story_team_translation_check	495229a02e1fc1a62ca87e303a3f6810	3873eb6b25a87462c47d829bca106603
20260924190100	news_story_team_retag	139b3a5de2a6f108be1181cb19fd55f9	08a7d1e61c5c6ff2422625492f20dc9b
20260924200000	fantasy_postponement_and_enrolment	dde9385c69135d97e2f7fb28de90db43	a9632b1cf9fe16d835f260cfe3311455
20260924200100	fantasy_lifecycle_tick	6cb06c8cea479c9b73b8140ce901441e	d6ac37df39a5b608f20fe95c5b37b79e
20260924200200	ops_health_and_alerts	8c3589e07903e958860ee4a46022dc11	d3655b75dfc7866a5bbe8f717c07d49b
20260924200300	timezone_validation_without_catalogue_scan	bd98f3ab47100786e605cb24fb991215	a38b09455ce83ea35512f09dd0ea463b
20260924200400	news_related_articles_set_based	c136d854be7d8b76d162ee8fe68c85e7	d4cf604c0b34b16c22875d219e252f58
20260924200500	football_live_refresh_cadence	607d590c37a1b21467ea7774f87508ec	f486ed58039e3f1804e38527ac662865
20260924200600	news_truthful_modified_dates	4f5da11ac86a263f31900bebe831dea6	0c2d2af3da9ad9dd09048ecc59d01cea
20260925090000	predictions_schema	ce38fec564eb99c1f9ed5b432e98d697	dac56071a9d2c3ed3d8378796b6231ff
20260925090100	predictions_rules	7c0c19b0873fe5697f0680c7771b3cc3	8849647e6c025a850f58b10d7b7115e3
20260925090200	predictions_api	a017b0bd728999bc5e81ca8e6974c84b	d1a7e131d6b60da45a2a14dbbdae143e
20260925090300	predictions_leagues	5c71c2b17fff823703cbae60c2a2f562	ecb1c3e15de38900818a3747e0455253
20260925090400	predictions_scoring	9c1998b98184f3ad43cf009df7cb84b6	94ac26abfdb216b394034d97c6af74a5
20260925100000	news_sitemap_set_based_again	f1a50c6f7dce046b51349834d30f4c1f	4db0fac4e5d19c20eac2e7851d3e9c06
20260925110000	current_performance_unnamed_starters	8ba9601b480128ea72ccf4511d2c7812	2f87e12b9709ef24d5b5bb43b09483b1
20260925120000	current_performance_goals_conceded_check	8e01d58f9feb5d5706c58bfddfd8ff0f	212edb79901c85b379e10422eaab77c7
20260925141500	football_match_details_ingestion	0a0386591f73bde91704b198470de331	5f6b5d8f445a7e33fc83bcecb19b3769
20260925170000	football_lineup_named_players	a7d5273e20a0b0af73b24fe0602f6a17	d400aec68d3bd6cdb94e001273452810
20260925200000	current_player_list_update	dcf129658d53ee088d635a219a59a988	76c1a69620cbca7cde1009b41766ce13
